{"model_name": "default", "log_loss": 0.1534271288086329, "auc": 0.856926113515805, "average_precision": 0.5095838669361954}