{"log_loss": 0.1541075616825446, "auc": 0.8772607188764893, "average_precision": 0.5465555928182397}