{"model_name": "default", "log_loss": 0.06386683321547248, "auc": 0.9521003762503895, "average_precision": 0.7580368408440236}