{"log_loss": 0.1872966559009888, "auc": 0.4534883720930232, "average_precision": 0.048538011695906436}